{"cameraMode":{"drawMode":0,"name":"Shaded","section":"Shading Mode"},"sceneLighting":false,"audioPlay":false,"sceneViewState":{"showFog":true,"showMaterialUpdate":false,"showSkybox":false,"showFlares":true,"showImageEffects":true,"showParticleSystems":true},"in2DMode":false,"pivot":{"x":-5.886715412139893,"y":1.9287896156311036,"z":2.5146119594573976},"rotation":{"x":-0.04896264150738716,"y":0.9246182441711426,"z":-0.12729178369045258,"w":-0.35564929246902468},"size":1.943962812423706,"orthographic":false}