{"cameraMode":{"drawMode":0,"name":"Shaded","section":"Shading Mode"},"sceneLighting":true,"audioPlay":false,"sceneViewState":{"showFog":true,"showMaterialUpdate":false,"showSkybox":false,"showFlares":true,"showImageEffects":true,"showParticleSystems":true},"in2DMode":false,"pivot":{"x":-2.531620740890503,"y":4.306221961975098,"z":4.349396228790283},"rotation":{"x":-0.012580487877130509,"y":0.9873716831207275,"z":-0.11636268347501755,"w":-0.10675200819969177},"size":16.851045608520509,"orthographic":false}