{"cameraMode":{"drawMode":0,"name":"Shaded","section":"Shading Mode"},"sceneLighting":false,"audioPlay":false,"sceneViewState":{"showFog":true,"showMaterialUpdate":false,"showSkybox":false,"showFlares":true,"showImageEffects":true,"showParticleSystems":true},"in2DMode":false,"pivot":{"x":-4.433421611785889,"y":-0.06999999284744263,"z":1.2999999523162842},"rotation":{"x":-0.0029303603805601598,"y":0.9969437122344971,"z":-0.06320018321275711,"w":-0.046089302748441699},"size":2.8578836917877199,"orthographic":false}