{"cameraMode":{"drawMode":0,"name":"Shaded","section":"Shading Mode"},"sceneLighting":true,"audioPlay":false,"sceneViewState":{"showFog":true,"showMaterialUpdate":false,"showSkybox":false,"showFlares":true,"showImageEffects":true,"showParticleSystems":true},"in2DMode":false,"pivot":{"x":-1.5055654048919678,"y":23.165742874145509,"z":36.4493293762207},"rotation":{"x":0.00013522370136342943,"y":0.9968305230140686,"z":-0.07972624152898789,"w":0.0017965068109333516},"size":0.8102614283561707,"orthographic":false}