{"cameraMode":{"drawMode":0,"name":"Shaded","section":"Shading Mode"},"sceneLighting":true,"audioPlay":false,"sceneViewState":{"showFog":true,"showMaterialUpdate":false,"showSkybox":false,"showFlares":true,"showImageEffects":true,"showParticleSystems":true},"in2DMode":false,"pivot":{"x":497.8626708984375,"y":244.433349609375,"z":0.42600536346435549},"rotation":{"x":0.0007906588725745678,"y":0.970901608467102,"z":-0.23945891857147218,"w":0.0032053941395133735},"size":1857.135009765625,"orthographic":false}