{"cameraMode":{"drawMode":0,"name":"Shaded","section":"Shading Mode"},"sceneLighting":true,"audioPlay":false,"sceneViewState":{"showFog":true,"showMaterialUpdate":false,"showSkybox":true,"showFlares":true,"showImageEffects":true,"showParticleSystems":true},"in2DMode":false,"pivot":{"x":0.7108607292175293,"y":-1.4590234756469727,"z":1.4635257720947266},"rotation":{"x":0.0050371731631457809,"y":0.9779888987541199,"z":-0.20723767578601838,"w":0.023770024999976159},"size":16.88527488708496,"orthographic":false}