{"cameraMode":{"drawMode":0,"name":"Shaded","section":"Shading Mode"},"sceneLighting":false,"audioPlay":false,"sceneViewState":{"showFog":true,"showMaterialUpdate":false,"showSkybox":true,"showFlares":true,"showImageEffects":true,"showParticleSystems":true},"in2DMode":false,"pivot":{"x":0.600812554359436,"y":1.8200000524520875,"z":0.464144229888916},"rotation":{"x":-0.001017979346215725,"y":0.993089497089386,"z":-0.1170370802283287,"w":-0.008639746345579625},"size":2.5578839778900148,"orthographic":false}