{"cameraMode":{"drawMode":0,"name":"Shaded","section":"Shading Mode"},"sceneLighting":false,"audioPlay":false,"sceneViewState":{"showFog":true,"showMaterialUpdate":false,"showSkybox":true,"showFlares":true,"showImageEffects":true,"showParticleSystems":true},"in2DMode":false,"pivot":{"x":2.7429590225219728,"y":1.3047950267791749,"z":-0.02145671844482422},"rotation":{"x":0.0082774069160223,"y":0.9750227332115173,"z":-0.21886655688285829,"w":0.03687363117933273},"size":3.095820903778076,"orthographic":false}